name,height_in cm,weight_in kg
alex,167.0812,51.2514018863
ajay,181.6608,61.91082258130001
alice,176.276,69.41324038110001
ravi,173.2788,64.5643379458
joe,172.18660000000003,65.45337899100001
jack,174.49800000000002,55.927939221
tom,177.292,64.1787844313
tracy,177.8254,61.897214810200005
john,172.466,50.9701746169
simon,172.466,50.9701746169
jacob,169.62120000000002,54.7349912879
cindy,168.88459999999998,57.810347556500005
ivan,171.75480000000002,51.773033111800004
